,CNPJ,IbovCorrelation,SELICCorrelation,flowCorrelation,avgTicketCorrelation,vol
0,97.519.794/0001-36,-0.8806220842099283,0.9411775184060043,0.07243500599120499,0.9897358060067108,0.01569520252587519
