,CNPJ,IbovCorrelation,SELICCorrelation,flowCorrelation,avgTicketCorrelation,vol
0,97.519.794/0001-36,-0.7312365181764977,-0.9228973812592559,0.11979193731164685,0.6666595307499185,0.026476895585177244
