,CNPJ,IbovCorrelation,SELICCorrelation,flowCorrelation,avgTicketCorrelation,vol
0,97.519.794/0001-36,-0.09128839771393758,0.8934885274336288,-0.5580579746071398,0.954047487124744,0.005588110977810763
