,CNPJ,IbovCorrelation,SELICCorrelation,flowCorrelation,avgTicketCorrelation,vol
0,97.519.794/0001-36,-0.5944626062122661,0.8956158980717126,-0.3549922749912869,0.9950133532119467,0.04049237302136986
