,CNPJ,IbovCorrelation,SELICCorrelation,flowCorrelation,avgTicketCorrelation,vol
0,97.519.794/0001-36,-0.09010382441237179,0.7413242234816715,0.09989191810315062,0.9729889251112034,0.016502446706678667
