,CNPJ,IbovCorrelation,SELICCorrelation,flowCorrelation,avgTicketCorrelation,vol
0,30.068.713/0001-58,0.7319152696185003,0.9169608830290408,0.08530520801734673,-0.9706734326484494,0.03499865397595513
