,CNPJ,IbovCorrelation,SELICCorrelation,flowCorrelation,avgTicketCorrelation,vol
0,30.068.713/0001-58,-0.7256312930878541,-0.9851790523092324,-0.2807776275190211,-0.8440833071216461,0.08985366373074542
