,CNPJ,IbovCorrelation,SELICCorrelation,flowCorrelation,avgTicketCorrelation,vol
0,30.068.713/0001-58,-0.24658328145528285,,-0.20111074260264059,-0.9791790610794203,0.014411805735997802
