,CNPJ,IbovCorrelation,SELICCorrelation,flowCorrelation,avgTicketCorrelation,vol
0,30.068.713/0001-58,0.33304750242217046,-0.9127759952842266,-0.06146381474612007,-0.41298238360163253,0.07165399243089703
